Pixel,PCE (%),FF (%),Jsc (A.cm^-2),Voc (V),Maximum Power (W),Vmp (V),Jmp (A.cm^-2),R Shunt (Ohm.cm^2),R Series (Ohm.cm^2)
Pixel 1,0.00043471524800000005,55.67422355024255,1.971682455458083e-06,-3.9601691180755596,4.34715248e-06,-3.6058,1.2056e-06,3286810.149047471,44713.36515932618
